school_name,team_name,conference,logo_filename,logo_source_url
Boston College Eagles,Boston College Eagles,,boston_college_eagles.png,https://a.espncdn.com/i/teamlogos/ncaa/500/103.png
California Golden Bears,California Golden Bears,,california_golden_bears.png,https://a.espncdn.com/i/teamlogos/ncaa/500/25.png
Clemson Tigers,Clemson Tigers,,clemson_tigers.png,https://a.espncdn.com/i/teamlogos/ncaa/500/228.png
Duke Blue Devils,Duke Blue Devils,,duke_blue_devils.png,https://a.espncdn.com/i/teamlogos/ncaa/500/150.png
Florida State Seminoles,Florida State Seminoles,,florida_state_seminoles.png,https://a.espncdn.com/i/teamlogos/ncaa/500/52.png
Georgia Tech Yellow Jackets,Georgia Tech Yellow Jackets,,georgia_tech_yellow_jackets.png,https://a.espncdn.com/i/teamlogos/ncaa/500/59.png
Louisville Cardinals,Louisville Cardinals,,louisville_cardinals.png,https://a.espncdn.com/i/teamlogos/ncaa/500/97.png
Miami Hurricanes,Miami Hurricanes,,miami_hurricanes.png,https://a.espncdn.com/i/teamlogos/ncaa/500/2390.png
NC State Wolfpack,NC State Wolfpack,,nc_state_wolfpack.png,https://a.espncdn.com/i/teamlogos/ncaa/500/152.png
North Carolina Tar Heels,North Carolina Tar Heels,,north_carolina_tar_heels.png,https://a.espncdn.com/i/teamlogos/ncaa/500/153.png
Notre Dame Fighting Irish,Notre Dame Fighting Irish,,notre_dame_fighting_irish.png,https://a.espncdn.com/i/teamlogos/ncaa/500/87.png
Pittsburgh Panthers,Pittsburgh Panthers,,pittsburgh_panthers.png,https://a.espncdn.com/i/teamlogos/ncaa/500/221.png
SMU Mustangs,SMU Mustangs,,smu_mustangs.png,https://a.espncdn.com/i/teamlogos/ncaa/500/2567.png
Stanford Cardinal,Stanford Cardinal,,stanford_cardinal.png,https://a.espncdn.com/i/teamlogos/ncaa/500/24.png
Syracuse Orange,Syracuse Orange,,syracuse_orange.png,https://a.espncdn.com/i/teamlogos/ncaa/500/183.png
Virginia Cavaliers,Virginia Cavaliers,,virginia_cavaliers.png,https://a.espncdn.com/i/teamlogos/ncaa/500/258.png
Virginia Tech Hokies,Virginia Tech Hokies,,virginia_tech_hokies.png,https://a.espncdn.com/i/teamlogos/ncaa/500/259.png
Wake Forest Demon Deacons,Wake Forest Demon Deacons,,wake_forest_demon_deacons.png,https://a.espncdn.com/i/teamlogos/ncaa/500/154.png
Austin Peay Governors,Austin Peay Governors,,austin_peay_governors.png,https://a.espncdn.com/i/teamlogos/ncaa/500/2046.png
Bellarmine Knights,Bellarmine Knights,,bellarmine_knights.png,https://a.espncdn.com/i/teamlogos/ncaa/500/91.png
Central Arkansas Bears,Central Arkansas Bears,,central_arkansas_bears.png,https://a.espncdn.com/i/teamlogos/ncaa/500/2110.png
Eastern Kentucky Colonels,Eastern Kentucky Colonels,,eastern_kentucky_colonels.png,https://a.espncdn.com/i/teamlogos/ncaa/500/2198.png
Florida Gulf Coast Eagles,Florida Gulf Coast Eagles,,florida_gulf_coast_eagles.png,https://a.espncdn.com/i/teamlogos/ncaa/500/526.png
Jacksonville Dolphins,Jacksonville Dolphins,,jacksonville_dolphins.png,https://a.espncdn.com/i/teamlogos/ncaa/500/294.png
Lipscomb Bisons,Lipscomb Bisons,,lipscomb_bisons.png,https://a.espncdn.com/i/teamlogos/ncaa/500/288.png
North Alabama Lions,North Alabama Lions,,north_alabama_lions.png,https://a.espncdn.com/i/teamlogos/ncaa/500/2453.png
North Florida Ospreys,North Florida Ospreys,,north_florida_ospreys.png,https://a.espncdn.com/i/teamlogos/ncaa/500/2454.png
Queens University Royals,Queens University Royals,,queens_university_royals.png,https://a.espncdn.com/i/teamlogos/ncaa/500/2511.png
Stetson Hatters,Stetson Hatters,,stetson_hatters.png,https://a.espncdn.com/i/teamlogos/ncaa/500/56.png
West Georgia Wolves,West Georgia Wolves,,west_georgia_wolves.png,https://a.espncdn.com/i/teamlogos/ncaa/500/2698.png
Binghamton Bearcats,Binghamton Bearcats,,binghamton_bearcats.png,https://a.espncdn.com/i/teamlogos/ncaa/500/2066.png
Bryant Bulldogs,Bryant Bulldogs,,bryant_bulldogs.png,https://a.espncdn.com/i/teamlogos/ncaa/500/2803.png
Maine Black Bears,Maine Black Bears,,maine_black_bears.png,https://a.espncdn.com/i/teamlogos/ncaa/500/311.png
NJIT Highlanders,NJIT Highlanders,,njit_highlanders.png,https://a.espncdn.com/i/teamlogos/ncaa/500/2885.png
New Hampshire Wildcats,New Hampshire Wildcats,,new_hampshire_wildcats.png,https://a.espncdn.com/i/teamlogos/ncaa/500/160.png
UAlbany Great Danes,UAlbany Great Danes,,ualbany_great_danes.png,https://a.espncdn.com/i/teamlogos/ncaa/500/399.png
UMBC Retrievers,UMBC Retrievers,,umbc_retrievers.png,https://a.espncdn.com/i/teamlogos/ncaa/500/2378.png
UMass Lowell River Hawks,UMass Lowell River Hawks,,umass_lowell_river_hawks.png,https://a.espncdn.com/i/teamlogos/ncaa/500/2349.png
Vermont Catamounts,Vermont Catamounts,,vermont_catamounts.png,https://a.espncdn.com/i/teamlogos/ncaa/500/261.png
Charlotte 49ers,Charlotte 49ers,,charlotte_49ers.png,https://a.espncdn.com/i/teamlogos/ncaa/500/2429.png
East Carolina Pirates,East Carolina Pirates,,east_carolina_pirates.png,https://a.espncdn.com/i/teamlogos/ncaa/500/151.png
Florida Atlantic Owls,Florida Atlantic Owls,,florida_atlantic_owls.png,https://a.espncdn.com/i/teamlogos/ncaa/500/2226.png
Memphis Tigers,Memphis Tigers,,memphis_tigers.png,https://a.espncdn.com/i/teamlogos/ncaa/500/235.png
North Texas Mean Green,North Texas Mean Green,,north_texas_mean_green.png,https://a.espncdn.com/i/teamlogos/ncaa/500/249.png
Rice Owls,Rice Owls,,rice_owls.png,https://a.espncdn.com/i/teamlogos/ncaa/500/242.png
South Florida Bulls,South Florida Bulls,,south_florida_bulls.png,https://a.espncdn.com/i/teamlogos/ncaa/500/58.png
Temple Owls,Temple Owls,,temple_owls.png,https://a.espncdn.com/i/teamlogos/ncaa/500/218.png
Tulane Green Wave,Tulane Green Wave,,tulane_green_wave.png,https://a.espncdn.com/i/teamlogos/ncaa/500/2655.png
Tulsa Golden Hurricane,Tulsa Golden Hurricane,,tulsa_golden_hurricane.png,https://a.espncdn.com/i/teamlogos/ncaa/500/202.png
UAB Blazers,UAB Blazers,,uab_blazers.png,https://a.espncdn.com/i/teamlogos/ncaa/500/5.png
UTSA Roadrunners,UTSA Roadrunners,,utsa_roadrunners.png,https://a.espncdn.com/i/teamlogos/ncaa/500/2636.png
Wichita State Shockers,Wichita State Shockers,,wichita_state_shockers.png,https://a.espncdn.com/i/teamlogos/ncaa/500/2724.png
Davidson Wildcats,Davidson Wildcats,,davidson_wildcats.png,https://a.espncdn.com/i/teamlogos/ncaa/500/2166.png
Dayton Flyers,Dayton Flyers,,dayton_flyers.png,https://a.espncdn.com/i/teamlogos/ncaa/500/2168.png
Duquesne Dukes,Duquesne Dukes,,duquesne_dukes.png,https://a.espncdn.com/i/teamlogos/ncaa/500/2184.png
Fordham Rams,Fordham Rams,,fordham_rams.png,https://a.espncdn.com/i/teamlogos/ncaa/500/2230.png
George Mason Patriots,George Mason Patriots,,george_mason_patriots.png,https://a.espncdn.com/i/teamlogos/ncaa/500/2244.png
George Washington Revolutionaries,George Washington Revolutionaries,,george_washington_revolutionaries.png,https://a.espncdn.com/i/teamlogos/ncaa/500/45.png
La Salle Explorers,La Salle Explorers,,la_salle_explorers.png,https://a.espncdn.com/i/teamlogos/ncaa/500/2325.png
Loyola Chicago Ramblers,Loyola Chicago Ramblers,,loyola_chicago_ramblers.png,https://a.espncdn.com/i/teamlogos/ncaa/500/2350.png
Rhode Island Rams,Rhode Island Rams,,rhode_island_rams.png,https://a.espncdn.com/i/teamlogos/ncaa/500/227.png
Richmond Spiders,Richmond Spiders,,richmond_spiders.png,https://a.espncdn.com/i/teamlogos/ncaa/500/257.png
Saint Joseph's Hawks,Saint Joseph's Hawks,,saint_josephs_hawks.png,https://a.espncdn.com/i/teamlogos/ncaa/500/2603.png
Saint Louis Billikens,Saint Louis Billikens,,saint_louis_billikens.png,https://a.espncdn.com/i/teamlogos/ncaa/500/139.png
St. Bonaventure Bonnies,St. Bonaventure Bonnies,,st_bonaventure_bonnies.png,https://a.espncdn.com/i/teamlogos/ncaa/500/179.png
VCU Rams,VCU Rams,,vcu_rams.png,https://a.espncdn.com/i/teamlogos/ncaa/500/2670.png
Arizona State Sun Devils,Arizona State Sun Devils,,arizona_state_sun_devils.png,https://a.espncdn.com/i/teamlogos/ncaa/500/9.png
Arizona Wildcats,Arizona Wildcats,,arizona_wildcats.png,https://a.espncdn.com/i/teamlogos/ncaa/500/12.png
BYU Cougars,BYU Cougars,,byu_cougars.png,https://a.espncdn.com/i/teamlogos/ncaa/500/252.png
Baylor Bears,Baylor Bears,,baylor_bears.png,https://a.espncdn.com/i/teamlogos/ncaa/500/239.png
Cincinnati Bearcats,Cincinnati Bearcats,,cincinnati_bearcats.png,https://a.espncdn.com/i/teamlogos/ncaa/500/2132.png
Colorado Buffaloes,Colorado Buffaloes,,colorado_buffaloes.png,https://a.espncdn.com/i/teamlogos/ncaa/500/38.png
Houston Cougars,Houston Cougars,,houston_cougars.png,https://a.espncdn.com/i/teamlogos/ncaa/500/248.png
Iowa State Cyclones,Iowa State Cyclones,,iowa_state_cyclones.png,https://a.espncdn.com/i/teamlogos/ncaa/500/66.png
Kansas Jayhawks,Kansas Jayhawks,,kansas_jayhawks.png,https://a.espncdn.com/i/teamlogos/ncaa/500/2305.png
Kansas State Wildcats,Kansas State Wildcats,,kansas_state_wildcats.png,https://a.espncdn.com/i/teamlogos/ncaa/500/2306.png
Oklahoma State Cowboys,Oklahoma State Cowboys,,oklahoma_state_cowboys.png,https://a.espncdn.com/i/teamlogos/ncaa/500/197.png
TCU Horned Frogs,TCU Horned Frogs,,tcu_horned_frogs.png,https://a.espncdn.com/i/teamlogos/ncaa/500/2628.png
Texas Tech Red Raiders,Texas Tech Red Raiders,,texas_tech_red_raiders.png,https://a.espncdn.com/i/teamlogos/ncaa/500/2641.png
UCF Knights,UCF Knights,,ucf_knights.png,https://a.espncdn.com/i/teamlogos/ncaa/500/2116.png
Utah Utes,Utah Utes,,utah_utes.png,https://a.espncdn.com/i/teamlogos/ncaa/500/254.png
West Virginia Mountaineers,West Virginia Mountaineers,,west_virginia_mountaineers.png,https://a.espncdn.com/i/teamlogos/ncaa/500/277.png
Butler Bulldogs,Butler Bulldogs,,butler_bulldogs.png,https://a.espncdn.com/i/teamlogos/ncaa/500/2086.png
Creighton Bluejays,Creighton Bluejays,,creighton_bluejays.png,https://a.espncdn.com/i/teamlogos/ncaa/500/156.png
DePaul Blue Demons,DePaul Blue Demons,,depaul_blue_demons.png,https://a.espncdn.com/i/teamlogos/ncaa/500/305.png
Georgetown Hoyas,Georgetown Hoyas,,georgetown_hoyas.png,https://a.espncdn.com/i/teamlogos/ncaa/500/46.png
Marquette Golden Eagles,Marquette Golden Eagles,,marquette_golden_eagles.png,https://a.espncdn.com/i/teamlogos/ncaa/500/269.png
Providence Friars,Providence Friars,,providence_friars.png,https://a.espncdn.com/i/teamlogos/ncaa/500/2507.png
Seton Hall Pirates,Seton Hall Pirates,,seton_hall_pirates.png,https://a.espncdn.com/i/teamlogos/ncaa/500/2550.png
St. John's Red Storm,St. John's Red Storm,,st_johns_red_storm.png,https://a.espncdn.com/i/teamlogos/ncaa/500/2599.png
UConn Huskies,UConn Huskies,,uconn_huskies.png,https://a.espncdn.com/i/teamlogos/ncaa/500/41.png
Villanova Wildcats,Villanova Wildcats,,villanova_wildcats.png,https://a.espncdn.com/i/teamlogos/ncaa/500/222.png
Xavier Musketeers,Xavier Musketeers,,xavier_musketeers.png,https://a.espncdn.com/i/teamlogos/ncaa/500/2752.png
Eastern Washington Eagles,Eastern Washington Eagles,,eastern_washington_eagles.png,https://a.espncdn.com/i/teamlogos/ncaa/500/331.png
Idaho State Bengals,Idaho State Bengals,,idaho_state_bengals.png,https://a.espncdn.com/i/teamlogos/ncaa/500/304.png
Idaho Vandals,Idaho Vandals,,idaho_vandals.png,https://a.espncdn.com/i/teamlogos/ncaa/500/70.png
Montana Grizzlies,Montana Grizzlies,,montana_grizzlies.png,https://a.espncdn.com/i/teamlogos/ncaa/500/149.png
Montana State Bobcats,Montana State Bobcats,,montana_state_bobcats.png,https://a.espncdn.com/i/teamlogos/ncaa/500/147.png
Northern Arizona Lumberjacks,Northern Arizona Lumberjacks,,northern_arizona_lumberjacks.png,https://a.espncdn.com/i/teamlogos/ncaa/500/2464.png
Northern Colorado Bears,Northern Colorado Bears,,northern_colorado_bears.png,https://a.espncdn.com/i/teamlogos/ncaa/500/2458.png
Portland State Vikings,Portland State Vikings,,portland_state_vikings.png,https://a.espncdn.com/i/teamlogos/ncaa/500/2502.png
Sacramento State Hornets,Sacramento State Hornets,,sacramento_state_hornets.png,https://a.espncdn.com/i/teamlogos/ncaa/500/16.png
Weber State Wildcats,Weber State Wildcats,,weber_state_wildcats.png,https://a.espncdn.com/i/teamlogos/ncaa/500/2692.png
Charleston Southern Buccaneers,Charleston Southern Buccaneers,,charleston_southern_buccaneers.png,https://a.espncdn.com/i/teamlogos/ncaa/500/2127.png
Gardner-Webb Runnin' Bulldogs,Gardner-Webb Runnin' Bulldogs,,gardner-webb_runnin_bulldogs.png,https://a.espncdn.com/i/teamlogos/ncaa/500/2241.png
High Point Panthers,High Point Panthers,,high_point_panthers.png,https://a.espncdn.com/i/teamlogos/ncaa/500/2272.png
Longwood Lancers,Longwood Lancers,,longwood_lancers.png,https://a.espncdn.com/i/teamlogos/ncaa/500/2344.png
Presbyterian Blue Hose,Presbyterian Blue Hose,,presbyterian_blue_hose.png,https://a.espncdn.com/i/teamlogos/ncaa/500/2506.png
Radford Highlanders,Radford Highlanders,,radford_highlanders.png,https://a.espncdn.com/i/teamlogos/ncaa/500/2515.png
South Carolina Upstate Spartans,South Carolina Upstate Spartans,,south_carolina_upstate_spartans.png,https://a.espncdn.com/i/teamlogos/ncaa/500/2908.png
UNC Asheville Bulldogs,UNC Asheville Bulldogs,,unc_asheville_bulldogs.png,https://a.espncdn.com/i/teamlogos/ncaa/500/2427.png
Winthrop Eagles,Winthrop Eagles,,winthrop_eagles.png,https://a.espncdn.com/i/teamlogos/ncaa/500/2737.png
Illinois Fighting Illini,Illinois Fighting Illini,,illinois_fighting_illini.png,https://a.espncdn.com/i/teamlogos/ncaa/500/356.png
Indiana Hoosiers,Indiana Hoosiers,,indiana_hoosiers.png,https://a.espncdn.com/i/teamlogos/ncaa/500/84.png
Iowa Hawkeyes,Iowa Hawkeyes,,iowa_hawkeyes.png,https://a.espncdn.com/i/teamlogos/ncaa/500/2294.png
Maryland Terrapins,Maryland Terrapins,,maryland_terrapins.png,https://a.espncdn.com/i/teamlogos/ncaa/500/120.png
Michigan State Spartans,Michigan State Spartans,,michigan_state_spartans.png,https://a.espncdn.com/i/teamlogos/ncaa/500/127.png
Michigan Wolverines,Michigan Wolverines,,michigan_wolverines.png,https://a.espncdn.com/i/teamlogos/ncaa/500/130.png
Minnesota Golden Gophers,Minnesota Golden Gophers,,minnesota_golden_gophers.png,https://a.espncdn.com/i/teamlogos/ncaa/500/135.png
Nebraska Cornhuskers,Nebraska Cornhuskers,,nebraska_cornhuskers.png,https://a.espncdn.com/i/teamlogos/ncaa/500/158.png
Northwestern Wildcats,Northwestern Wildcats,,northwestern_wildcats.png,https://a.espncdn.com/i/teamlogos/ncaa/500/77.png
Ohio State Buckeyes,Ohio State Buckeyes,,ohio_state_buckeyes.png,https://a.espncdn.com/i/teamlogos/ncaa/500/194.png
Oregon Ducks,Oregon Ducks,,oregon_ducks.png,https://a.espncdn.com/i/teamlogos/ncaa/500/2483.png
Penn State Nittany Lions,Penn State Nittany Lions,,penn_state_nittany_lions.png,https://a.espncdn.com/i/teamlogos/ncaa/500/213.png
Purdue Boilermakers,Purdue Boilermakers,,purdue_boilermakers.png,https://a.espncdn.com/i/teamlogos/ncaa/500/2509.png
Rutgers Scarlet Knights,Rutgers Scarlet Knights,,rutgers_scarlet_knights.png,https://a.espncdn.com/i/teamlogos/ncaa/500/164.png
UCLA Bruins,UCLA Bruins,,ucla_bruins.png,https://a.espncdn.com/i/teamlogos/ncaa/500/26.png
USC Trojans,USC Trojans,,usc_trojans.png,https://a.espncdn.com/i/teamlogos/ncaa/500/30.png
Washington Huskies,Washington Huskies,,washington_huskies.png,https://a.espncdn.com/i/teamlogos/ncaa/500/264.png
Wisconsin Badgers,Wisconsin Badgers,,wisconsin_badgers.png,https://a.espncdn.com/i/teamlogos/ncaa/500/275.png
Cal Poly Mustangs,Cal Poly Mustangs,,cal_poly_mustangs.png,https://a.espncdn.com/i/teamlogos/ncaa/500/13.png
Cal State Bakersfield Roadrunners,Cal State Bakersfield Roadrunners,,cal_state_bakersfield_roadrunners.png,https://a.espncdn.com/i/teamlogos/ncaa/500/2934.png
Cal State Fullerton Titans,Cal State Fullerton Titans,,cal_state_fullerton_titans.png,https://a.espncdn.com/i/teamlogos/ncaa/500/2239.png
Cal State Northridge Matadors,Cal State Northridge Matadors,,cal_state_northridge_matadors.png,https://a.espncdn.com/i/teamlogos/ncaa/500/2463.png
Hawai'i Rainbow Warriors,Hawai'i Rainbow Warriors,,hawaii_rainbow_warriors.png,https://a.espncdn.com/i/teamlogos/ncaa/500/62.png
Long Beach State Beach,Long Beach State Beach,,long_beach_state_beach.png,https://a.espncdn.com/i/teamlogos/ncaa/500/299.png
UC Davis Aggies,UC Davis Aggies,,uc_davis_aggies.png,https://a.espncdn.com/i/teamlogos/ncaa/500/302.png
UC Irvine Anteaters,UC Irvine Anteaters,,uc_irvine_anteaters.png,https://a.espncdn.com/i/teamlogos/ncaa/500/300.png
UC Riverside Highlanders,UC Riverside Highlanders,,uc_riverside_highlanders.png,https://a.espncdn.com/i/teamlogos/ncaa/500/27.png
UC San Diego Tritons,UC San Diego Tritons,,uc_san_diego_tritons.png,https://a.espncdn.com/i/teamlogos/ncaa/500/28.png
UC Santa Barbara Gauchos,UC Santa Barbara Gauchos,,uc_santa_barbara_gauchos.png,https://a.espncdn.com/i/teamlogos/ncaa/500/2540.png
Campbell Fighting Camels,Campbell Fighting Camels,,campbell_fighting_camels.png,https://a.espncdn.com/i/teamlogos/ncaa/500/2097.png
Charleston Cougars,Charleston Cougars,,charleston_cougars.png,https://a.espncdn.com/i/teamlogos/ncaa/500/232.png
Drexel Dragons,Drexel Dragons,,drexel_dragons.png,https://a.espncdn.com/i/teamlogos/ncaa/500/2182.png
Elon Phoenix,Elon Phoenix,,elon_phoenix.png,https://a.espncdn.com/i/teamlogos/ncaa/500/2210.png
Hampton Pirates,Hampton Pirates,,hampton_pirates.png,https://a.espncdn.com/i/teamlogos/ncaa/500/2261.png
Hofstra Pride,Hofstra Pride,,hofstra_pride.png,https://a.espncdn.com/i/teamlogos/ncaa/500/2275.png
Monmouth Hawks,Monmouth Hawks,,monmouth_hawks.png,https://a.espncdn.com/i/teamlogos/ncaa/500/2405.png
North Carolina A&T Aggies,North Carolina A&T Aggies,,north_carolina_at_aggies.png,https://a.espncdn.com/i/teamlogos/ncaa/500/2448.png
Northeastern Huskies,Northeastern Huskies,,northeastern_huskies.png,https://a.espncdn.com/i/teamlogos/ncaa/500/111.png
Stony Brook Seawolves,Stony Brook Seawolves,,stony_brook_seawolves.png,https://a.espncdn.com/i/teamlogos/ncaa/500/2619.png
Towson Tigers,Towson Tigers,,towson_tigers.png,https://a.espncdn.com/i/teamlogos/ncaa/500/119.png
UNC Wilmington Seahawks,UNC Wilmington Seahawks,,unc_wilmington_seahawks.png,https://a.espncdn.com/i/teamlogos/ncaa/500/350.png
William & Mary Tribe,William & Mary Tribe,,william_mary_tribe.png,https://a.espncdn.com/i/teamlogos/ncaa/500/2729.png
Delaware Blue Hens,Delaware Blue Hens,,delaware_blue_hens.png,https://a.espncdn.com/i/teamlogos/ncaa/500/48.png
Florida International Panthers,Florida International Panthers,,florida_international_panthers.png,https://a.espncdn.com/i/teamlogos/ncaa/500/2229.png
Jacksonville State Gamecocks,Jacksonville State Gamecocks,,jacksonville_state_gamecocks.png,https://a.espncdn.com/i/teamlogos/ncaa/500/55.png
Kennesaw State Owls,Kennesaw State Owls,,kennesaw_state_owls.png,https://a.espncdn.com/i/teamlogos/ncaa/500/338.png
Liberty Flames,Liberty Flames,,liberty_flames.png,https://a.espncdn.com/i/teamlogos/ncaa/500/2335.png
Louisiana Tech Bulldogs,Louisiana Tech Bulldogs,,louisiana_tech_bulldogs.png,https://a.espncdn.com/i/teamlogos/ncaa/500/2348.png
Middle Tennessee Blue Raiders,Middle Tennessee Blue Raiders,,middle_tennessee_blue_raiders.png,https://a.espncdn.com/i/teamlogos/ncaa/500/2393.png
Missouri State Bears,Missouri State Bears,,missouri_state_bears.png,https://a.espncdn.com/i/teamlogos/ncaa/500/2623.png
New Mexico State Aggies,New Mexico State Aggies,,new_mexico_state_aggies.png,https://a.espncdn.com/i/teamlogos/ncaa/500/166.png
Sam Houston Bearkats,Sam Houston Bearkats,,sam_houston_bearkats.png,https://a.espncdn.com/i/teamlogos/ncaa/500/2534.png
UTEP Miners,UTEP Miners,,utep_miners.png,https://a.espncdn.com/i/teamlogos/ncaa/500/2638.png
Western Kentucky Hilltoppers,Western Kentucky Hilltoppers,,western_kentucky_hilltoppers.png,https://a.espncdn.com/i/teamlogos/ncaa/500/98.png
Cleveland State Vikings,Cleveland State Vikings,,cleveland_state_vikings.png,https://a.espncdn.com/i/teamlogos/ncaa/500/325.png
Detroit Mercy Titans,Detroit Mercy Titans,,detroit_mercy_titans.png,https://a.espncdn.com/i/teamlogos/ncaa/500/2174.png
Green Bay Phoenix,Green Bay Phoenix,,green_bay_phoenix.png,https://a.espncdn.com/i/teamlogos/ncaa/500/2739.png
IU Indianapolis Jaguars,IU Indianapolis Jaguars,,iu_indianapolis_jaguars.png,https://a.espncdn.com/i/teamlogos/ncaa/500/85.png
Milwaukee Panthers,Milwaukee Panthers,,milwaukee_panthers.png,https://a.espncdn.com/i/teamlogos/ncaa/500/270.png
Northern Kentucky Norse,Northern Kentucky Norse,,northern_kentucky_norse.png,https://a.espncdn.com/i/teamlogos/ncaa/500/94.png
Oakland Golden Grizzlies,Oakland Golden Grizzlies,,oakland_golden_grizzlies.png,https://a.espncdn.com/i/teamlogos/ncaa/500/2473.png
Purdue Fort Wayne Mastodons,Purdue Fort Wayne Mastodons,,purdue_fort_wayne_mastodons.png,https://a.espncdn.com/i/teamlogos/ncaa/500/2870.png
Robert Morris Colonials,Robert Morris Colonials,,robert_morris_colonials.png,https://a.espncdn.com/i/teamlogos/ncaa/500/2523.png
Wright State Raiders,Wright State Raiders,,wright_state_raiders.png,https://a.espncdn.com/i/teamlogos/ncaa/500/2750.png
Youngstown State Penguins,Youngstown State Penguins,,youngstown_state_penguins.png,https://a.espncdn.com/i/teamlogos/ncaa/500/2754.png
Brown Bears,Brown Bears,,brown_bears.png,https://a.espncdn.com/i/teamlogos/ncaa/500/225.png
Columbia Lions,Columbia Lions,,columbia_lions.png,https://a.espncdn.com/i/teamlogos/ncaa/500/171.png
Cornell Big Red,Cornell Big Red,,cornell_big_red.png,https://a.espncdn.com/i/teamlogos/ncaa/500/172.png
Dartmouth Big Green,Dartmouth Big Green,,dartmouth_big_green.png,https://a.espncdn.com/i/teamlogos/ncaa/500/159.png
Harvard Crimson,Harvard Crimson,,harvard_crimson.png,https://a.espncdn.com/i/teamlogos/ncaa/500/108.png
Pennsylvania Quakers,Pennsylvania Quakers,,pennsylvania_quakers.png,https://a.espncdn.com/i/teamlogos/ncaa/500/219.png
Princeton Tigers,Princeton Tigers,,princeton_tigers.png,https://a.espncdn.com/i/teamlogos/ncaa/500/163.png
Yale Bulldogs,Yale Bulldogs,,yale_bulldogs.png,https://a.espncdn.com/i/teamlogos/ncaa/500/43.png
Canisius Golden Griffins,Canisius Golden Griffins,,canisius_golden_griffins.png,https://a.espncdn.com/i/teamlogos/ncaa/500/2099.png
Fairfield Stags,Fairfield Stags,,fairfield_stags.png,https://a.espncdn.com/i/teamlogos/ncaa/500/2217.png
Iona Gaels,Iona Gaels,,iona_gaels.png,https://a.espncdn.com/i/teamlogos/ncaa/500/314.png
Manhattan Jaspers,Manhattan Jaspers,,manhattan_jaspers.png,https://a.espncdn.com/i/teamlogos/ncaa/500/2363.png
Marist Red Foxes,Marist Red Foxes,,marist_red_foxes.png,https://a.espncdn.com/i/teamlogos/ncaa/500/2368.png
Merrimack Warriors,Merrimack Warriors,,merrimack_warriors.png,https://a.espncdn.com/i/teamlogos/ncaa/500/2771.png
Mount St. Mary's Mountaineers,Mount St. Mary's Mountaineers,,mount_st_marys_mountaineers.png,https://a.espncdn.com/i/teamlogos/ncaa/500/116.png
Niagara Purple Eagles,Niagara Purple Eagles,,niagara_purple_eagles.png,https://a.espncdn.com/i/teamlogos/ncaa/500/315.png
Quinnipiac Bobcats,Quinnipiac Bobcats,,quinnipiac_bobcats.png,https://a.espncdn.com/i/teamlogos/ncaa/500/2514.png
Rider Broncs,Rider Broncs,,rider_broncs.png,https://a.espncdn.com/i/teamlogos/ncaa/500/2520.png
Sacred Heart Pioneers,Sacred Heart Pioneers,,sacred_heart_pioneers.png,https://a.espncdn.com/i/teamlogos/ncaa/500/2529.png
Saint Peter's Peacocks,Saint Peter's Peacocks,,saint_peters_peacocks.png,https://a.espncdn.com/i/teamlogos/ncaa/500/2612.png
Siena Saints,Siena Saints,,siena_saints.png,https://a.espncdn.com/i/teamlogos/ncaa/500/2561.png
Coppin State Eagles,Coppin State Eagles,,coppin_state_eagles.png,https://a.espncdn.com/i/teamlogos/ncaa/500/2154.png
Delaware State Hornets,Delaware State Hornets,,delaware_state_hornets.png,https://a.espncdn.com/i/teamlogos/ncaa/500/2169.png
Howard Bison,Howard Bison,,howard_bison.png,https://a.espncdn.com/i/teamlogos/ncaa/500/47.png
Maryland Eastern Shore Hawks,Maryland Eastern Shore Hawks,,maryland_eastern_shore_hawks.png,https://a.espncdn.com/i/teamlogos/ncaa/500/2379.png
Morgan State Bears,Morgan State Bears,,morgan_state_bears.png,https://a.espncdn.com/i/teamlogos/ncaa/500/2415.png
Norfolk State Spartans,Norfolk State Spartans,,norfolk_state_spartans.png,https://a.espncdn.com/i/teamlogos/ncaa/500/2450.png
North Carolina Central Eagles,North Carolina Central Eagles,,north_carolina_central_eagles.png,https://a.espncdn.com/i/teamlogos/ncaa/500/2428.png
South Carolina State Bulldogs,South Carolina State Bulldogs,,south_carolina_state_bulldogs.png,https://a.espncdn.com/i/teamlogos/ncaa/500/2569.png
Akron Zips,Akron Zips,,akron_zips.png,https://a.espncdn.com/i/teamlogos/ncaa/500/2006.png
Ball State Cardinals,Ball State Cardinals,,ball_state_cardinals.png,https://a.espncdn.com/i/teamlogos/ncaa/500/2050.png
Bowling Green Falcons,Bowling Green Falcons,,bowling_green_falcons.png,https://a.espncdn.com/i/teamlogos/ncaa/500/189.png
Buffalo Bulls,Buffalo Bulls,,buffalo_bulls.png,https://a.espncdn.com/i/teamlogos/ncaa/500/2084.png
Central Michigan Chippewas,Central Michigan Chippewas,,central_michigan_chippewas.png,https://a.espncdn.com/i/teamlogos/ncaa/500/2117.png
Eastern Michigan Eagles,Eastern Michigan Eagles,,eastern_michigan_eagles.png,https://a.espncdn.com/i/teamlogos/ncaa/500/2199.png
Kent State Golden Flashes,Kent State Golden Flashes,,kent_state_golden_flashes.png,https://a.espncdn.com/i/teamlogos/ncaa/500/2309.png
Massachusetts Minutemen,Massachusetts Minutemen,,massachusetts_minutemen.png,https://a.espncdn.com/i/teamlogos/ncaa/500/113.png
Miami (OH) RedHawks,Miami (OH) RedHawks,,miami_oh_redhawks.png,https://a.espncdn.com/i/teamlogos/ncaa/500/193.png
Northern Illinois Huskies,Northern Illinois Huskies,,northern_illinois_huskies.png,https://a.espncdn.com/i/teamlogos/ncaa/500/2459.png
Ohio Bobcats,Ohio Bobcats,,ohio_bobcats.png,https://a.espncdn.com/i/teamlogos/ncaa/500/195.png
Toledo Rockets,Toledo Rockets,,toledo_rockets.png,https://a.espncdn.com/i/teamlogos/ncaa/500/2649.png
Western Michigan Broncos,Western Michigan Broncos,,western_michigan_broncos.png,https://a.espncdn.com/i/teamlogos/ncaa/500/2711.png
Belmont Bruins,Belmont Bruins,,belmont_bruins.png,https://a.espncdn.com/i/teamlogos/ncaa/500/2057.png
Bradley Braves,Bradley Braves,,bradley_braves.png,https://a.espncdn.com/i/teamlogos/ncaa/500/71.png
Drake Bulldogs,Drake Bulldogs,,drake_bulldogs.png,https://a.espncdn.com/i/teamlogos/ncaa/500/2181.png
Evansville Purple Aces,Evansville Purple Aces,,evansville_purple_aces.png,https://a.espncdn.com/i/teamlogos/ncaa/500/339.png
Illinois State Redbirds,Illinois State Redbirds,,illinois_state_redbirds.png,https://a.espncdn.com/i/teamlogos/ncaa/500/2287.png
Indiana State Sycamores,Indiana State Sycamores,,indiana_state_sycamores.png,https://a.espncdn.com/i/teamlogos/ncaa/500/282.png
Murray State Racers,Murray State Racers,,murray_state_racers.png,https://a.espncdn.com/i/teamlogos/ncaa/500/93.png
Northern Iowa Panthers,Northern Iowa Panthers,,northern_iowa_panthers.png,https://a.espncdn.com/i/teamlogos/ncaa/500/2460.png
Southern Illinois Salukis,Southern Illinois Salukis,,southern_illinois_salukis.png,https://a.espncdn.com/i/teamlogos/ncaa/500/79.png
UIC Flames,UIC Flames,,uic_flames.png,https://a.espncdn.com/i/teamlogos/ncaa/500/82.png
Valparaiso Beacons,Valparaiso Beacons,,valparaiso_beacons.png,https://a.espncdn.com/i/teamlogos/ncaa/500/2674.png
Air Force Falcons,Air Force Falcons,,air_force_falcons.png,https://a.espncdn.com/i/teamlogos/ncaa/500/2005.png
Boise State Broncos,Boise State Broncos,,boise_state_broncos.png,https://a.espncdn.com/i/teamlogos/ncaa/500/68.png
Colorado State Rams,Colorado State Rams,,colorado_state_rams.png,https://a.espncdn.com/i/teamlogos/ncaa/500/36.png
Fresno State Bulldogs,Fresno State Bulldogs,,fresno_state_bulldogs.png,https://a.espncdn.com/i/teamlogos/ncaa/500/278.png
Grand Canyon Lopes,Grand Canyon Lopes,,grand_canyon_lopes.png,https://a.espncdn.com/i/teamlogos/ncaa/500/2253.png
Nevada Wolf Pack,Nevada Wolf Pack,,nevada_wolf_pack.png,https://a.espncdn.com/i/teamlogos/ncaa/500/2440.png
New Mexico Lobos,New Mexico Lobos,,new_mexico_lobos.png,https://a.espncdn.com/i/teamlogos/ncaa/500/167.png
San Diego State Aztecs,San Diego State Aztecs,,san_diego_state_aztecs.png,https://a.espncdn.com/i/teamlogos/ncaa/500/21.png
San José State Spartans,San José State Spartans,,san_josé_state_spartans.png,https://a.espncdn.com/i/teamlogos/ncaa/500/23.png
UNLV Rebels,UNLV Rebels,,unlv_rebels.png,https://a.espncdn.com/i/teamlogos/ncaa/500/2439.png
Utah State Aggies,Utah State Aggies,,utah_state_aggies.png,https://a.espncdn.com/i/teamlogos/ncaa/500/328.png
Wyoming Cowboys,Wyoming Cowboys,,wyoming_cowboys.png,https://a.espncdn.com/i/teamlogos/ncaa/500/2751.png
Central Connecticut Blue Devils,Central Connecticut Blue Devils,,central_connecticut_blue_devils.png,https://a.espncdn.com/i/teamlogos/ncaa/500/2115.png
Chicago State Cougars,Chicago State Cougars,,chicago_state_cougars.png,https://a.espncdn.com/i/teamlogos/ncaa/500/2130.png
Fairleigh Dickinson Knights,Fairleigh Dickinson Knights,,fairleigh_dickinson_knights.png,https://a.espncdn.com/i/teamlogos/ncaa/500/161.png
Le Moyne Dolphins,Le Moyne Dolphins,,le_moyne_dolphins.png,https://a.espncdn.com/i/teamlogos/ncaa/500/2330.png
Long Island University Sharks,Long Island University Sharks,,long_island_university_sharks.png,https://a.espncdn.com/i/teamlogos/ncaa/500/112358.png
Mercyhurst Lakers,Mercyhurst Lakers,,mercyhurst_lakers.png,https://a.espncdn.com/i/teamlogos/ncaa/500/2385.png
New Haven Chargers,New Haven Chargers,,new_haven_chargers.png,https://a.espncdn.com/i/teamlogos/ncaa/500/2441.png
Saint Francis Red Flash,Saint Francis Red Flash,,saint_francis_red_flash.png,https://a.espncdn.com/i/teamlogos/ncaa/500/2598.png
Stonehill Skyhawks,Stonehill Skyhawks,,stonehill_skyhawks.png,https://a.espncdn.com/i/teamlogos/ncaa/500/284.png
Wagner Seahawks,Wagner Seahawks,,wagner_seahawks.png,https://a.espncdn.com/i/teamlogos/ncaa/500/2681.png
Eastern Illinois Panthers,Eastern Illinois Panthers,,eastern_illinois_panthers.png,https://a.espncdn.com/i/teamlogos/ncaa/500/2197.png
Lindenwood Lions,Lindenwood Lions,,lindenwood_lions.png,https://a.espncdn.com/i/teamlogos/ncaa/500/2815.png
Little Rock Trojans,Little Rock Trojans,,little_rock_trojans.png,https://a.espncdn.com/i/teamlogos/ncaa/500/2031.png
Morehead State Eagles,Morehead State Eagles,,morehead_state_eagles.png,https://a.espncdn.com/i/teamlogos/ncaa/500/2413.png
SIU Edwardsville Cougars,SIU Edwardsville Cougars,,siu_edwardsville_cougars.png,https://a.espncdn.com/i/teamlogos/ncaa/500/2565.png
Southeast Missouri State Redhawks,Southeast Missouri State Redhawks,,southeast_missouri_state_redhawks.png,https://a.espncdn.com/i/teamlogos/ncaa/500/2546.png
Southern Indiana Screaming Eagles,Southern Indiana Screaming Eagles,,southern_indiana_screaming_eagles.png,https://a.espncdn.com/i/teamlogos/ncaa/500/88.png
Tennessee State Tigers,Tennessee State Tigers,,tennessee_state_tigers.png,https://a.espncdn.com/i/teamlogos/ncaa/500/2634.png
Tennessee Tech Golden Eagles,Tennessee Tech Golden Eagles,,tennessee_tech_golden_eagles.png,https://a.espncdn.com/i/teamlogos/ncaa/500/2635.png
UT Martin Skyhawks,UT Martin Skyhawks,,ut_martin_skyhawks.png,https://a.espncdn.com/i/teamlogos/ncaa/500/2630.png
Western Illinois Leathernecks,Western Illinois Leathernecks,,western_illinois_leathernecks.png,https://a.espncdn.com/i/teamlogos/ncaa/500/2710.png
American University Eagles,American University Eagles,,american_university_eagles.png,https://a.espncdn.com/i/teamlogos/ncaa/500/44.png
Army Black Knights,Army Black Knights,,army_black_knights.png,https://a.espncdn.com/i/teamlogos/ncaa/500/349.png
Boston University Terriers,Boston University Terriers,,boston_university_terriers.png,https://a.espncdn.com/i/teamlogos/ncaa/500/104.png
Bucknell Bison,Bucknell Bison,,bucknell_bison.png,https://a.espncdn.com/i/teamlogos/ncaa/500/2083.png
Colgate Raiders,Colgate Raiders,,colgate_raiders.png,https://a.espncdn.com/i/teamlogos/ncaa/500/2142.png
Holy Cross Crusaders,Holy Cross Crusaders,,holy_cross_crusaders.png,https://a.espncdn.com/i/teamlogos/ncaa/500/107.png
Lafayette Leopards,Lafayette Leopards,,lafayette_leopards.png,https://a.espncdn.com/i/teamlogos/ncaa/500/322.png
Lehigh Mountain Hawks,Lehigh Mountain Hawks,,lehigh_mountain_hawks.png,https://a.espncdn.com/i/teamlogos/ncaa/500/2329.png
Loyola Maryland Greyhounds,Loyola Maryland Greyhounds,,loyola_maryland_greyhounds.png,https://a.espncdn.com/i/teamlogos/ncaa/500/2352.png
Navy Midshipmen,Navy Midshipmen,,navy_midshipmen.png,https://a.espncdn.com/i/teamlogos/ncaa/500/2426.png
Alabama Crimson Tide,Alabama Crimson Tide,,alabama_crimson_tide.png,https://a.espncdn.com/i/teamlogos/ncaa/500/333.png
Arkansas Razorbacks,Arkansas Razorbacks,,arkansas_razorbacks.png,https://a.espncdn.com/i/teamlogos/ncaa/500/8.png
Auburn Tigers,Auburn Tigers,,auburn_tigers.png,https://a.espncdn.com/i/teamlogos/ncaa/500/2.png
Florida Gators,Florida Gators,,florida_gators.png,https://a.espncdn.com/i/teamlogos/ncaa/500/57.png
Georgia Bulldogs,Georgia Bulldogs,,georgia_bulldogs.png,https://a.espncdn.com/i/teamlogos/ncaa/500/61.png
Kentucky Wildcats,Kentucky Wildcats,,kentucky_wildcats.png,https://a.espncdn.com/i/teamlogos/ncaa/500/96.png
LSU Tigers,LSU Tigers,,lsu_tigers.png,https://a.espncdn.com/i/teamlogos/ncaa/500/99.png
Mississippi State Bulldogs,Mississippi State Bulldogs,,mississippi_state_bulldogs.png,https://a.espncdn.com/i/teamlogos/ncaa/500/344.png
Missouri Tigers,Missouri Tigers,,missouri_tigers.png,https://a.espncdn.com/i/teamlogos/ncaa/500/142.png
Oklahoma Sooners,Oklahoma Sooners,,oklahoma_sooners.png,https://a.espncdn.com/i/teamlogos/ncaa/500/201.png
Ole Miss Rebels,Ole Miss Rebels,,ole_miss_rebels.png,https://a.espncdn.com/i/teamlogos/ncaa/500/145.png
South Carolina Gamecocks,South Carolina Gamecocks,,south_carolina_gamecocks.png,https://a.espncdn.com/i/teamlogos/ncaa/500/2579.png
Tennessee Volunteers,Tennessee Volunteers,,tennessee_volunteers.png,https://a.espncdn.com/i/teamlogos/ncaa/500/2633.png
Texas A&M Aggies,Texas A&M Aggies,,texas_am_aggies.png,https://a.espncdn.com/i/teamlogos/ncaa/500/245.png
Texas Longhorns,Texas Longhorns,,texas_longhorns.png,https://a.espncdn.com/i/teamlogos/ncaa/500/251.png
Vanderbilt Commodores,Vanderbilt Commodores,,vanderbilt_commodores.png,https://a.espncdn.com/i/teamlogos/ncaa/500/238.png
Alabama A&M Bulldogs,Alabama A&M Bulldogs,,alabama_am_bulldogs.png,https://a.espncdn.com/i/teamlogos/ncaa/500/2010.png
Alabama State Hornets,Alabama State Hornets,,alabama_state_hornets.png,https://a.espncdn.com/i/teamlogos/ncaa/500/2011.png
Alcorn State Braves,Alcorn State Braves,,alcorn_state_braves.png,https://a.espncdn.com/i/teamlogos/ncaa/500/2016.png
Arkansas-Pine Bluff Golden Lions,Arkansas-Pine Bluff Golden Lions,,arkansas-pine_bluff_golden_lions.png,https://a.espncdn.com/i/teamlogos/ncaa/500/2029.png
Bethune-Cookman Wildcats,Bethune-Cookman Wildcats,,bethune-cookman_wildcats.png,https://a.espncdn.com/i/teamlogos/ncaa/500/2065.png
Florida A&M Rattlers,Florida A&M Rattlers,,florida_am_rattlers.png,https://a.espncdn.com/i/teamlogos/ncaa/500/50.png
Grambling Tigers,Grambling Tigers,,grambling_tigers.png,https://a.espncdn.com/i/teamlogos/ncaa/500/2755.png
Jackson State Tigers,Jackson State Tigers,,jackson_state_tigers.png,https://a.espncdn.com/i/teamlogos/ncaa/500/2296.png
Mississippi Valley State Delta Devils,Mississippi Valley State Delta Devils,,mississippi_valley_state_delta_devils.png,https://a.espncdn.com/i/teamlogos/ncaa/500/2400.png
Prairie View A&M Panthers,Prairie View A&M Panthers,,prairie_view_am_panthers.png,https://a.espncdn.com/i/teamlogos/ncaa/500/2504.png
Southern Jaguars,Southern Jaguars,,southern_jaguars.png,https://a.espncdn.com/i/teamlogos/ncaa/500/2582.png
Texas Southern Tigers,Texas Southern Tigers,,texas_southern_tigers.png,https://a.espncdn.com/i/teamlogos/ncaa/500/2640.png
Chattanooga Mocs,Chattanooga Mocs,,chattanooga_mocs.png,https://a.espncdn.com/i/teamlogos/ncaa/500/236.png
East Tennessee State Buccaneers,East Tennessee State Buccaneers,,east_tennessee_state_buccaneers.png,https://a.espncdn.com/i/teamlogos/ncaa/500/2193.png
Furman Paladins,Furman Paladins,,furman_paladins.png,https://a.espncdn.com/i/teamlogos/ncaa/500/231.png
Mercer Bears,Mercer Bears,,mercer_bears.png,https://a.espncdn.com/i/teamlogos/ncaa/500/2382.png
Samford Bulldogs,Samford Bulldogs,,samford_bulldogs.png,https://a.espncdn.com/i/teamlogos/ncaa/500/2535.png
The Citadel Bulldogs,The Citadel Bulldogs,,citadel_bulldogs.png,https://a.espncdn.com/i/teamlogos/ncaa/500/2643.png
UNC Greensboro Spartans,UNC Greensboro Spartans,,unc_greensboro_spartans.png,https://a.espncdn.com/i/teamlogos/ncaa/500/2430.png
VMI Keydets,VMI Keydets,,vmi_keydets.png,https://a.espncdn.com/i/teamlogos/ncaa/500/2678.png
Western Carolina Catamounts,Western Carolina Catamounts,,western_carolina_catamounts.png,https://a.espncdn.com/i/teamlogos/ncaa/500/2717.png
Wofford Terriers,Wofford Terriers,,wofford_terriers.png,https://a.espncdn.com/i/teamlogos/ncaa/500/2747.png
East Texas A&M Lions,East Texas A&M Lions,,east_texas_am_lions.png,https://a.espncdn.com/i/teamlogos/ncaa/500/2837.png
Houston Christian Huskies,Houston Christian Huskies,,houston_christian_huskies.png,https://a.espncdn.com/i/teamlogos/ncaa/500/2277.png
Incarnate Word Cardinals,Incarnate Word Cardinals,,incarnate_word_cardinals.png,https://a.espncdn.com/i/teamlogos/ncaa/500/2916.png
Lamar Cardinals,Lamar Cardinals,,lamar_cardinals.png,https://a.espncdn.com/i/teamlogos/ncaa/500/2320.png
McNeese Cowboys,McNeese Cowboys,,mcneese_cowboys.png,https://a.espncdn.com/i/teamlogos/ncaa/500/2377.png
New Orleans Privateers,New Orleans Privateers,,new_orleans_privateers.png,https://a.espncdn.com/i/teamlogos/ncaa/500/2443.png
Nicholls Colonels,Nicholls Colonels,,nicholls_colonels.png,https://a.espncdn.com/i/teamlogos/ncaa/500/2447.png
Northwestern State Demons,Northwestern State Demons,,northwestern_state_demons.png,https://a.espncdn.com/i/teamlogos/ncaa/500/2466.png
SE Louisiana Lions,SE Louisiana Lions,,se_louisiana_lions.png,https://a.espncdn.com/i/teamlogos/ncaa/500/2545.png
Stephen F. Austin Lumberjacks,Stephen F. Austin Lumberjacks,,stephen_f_austin_lumberjacks.png,https://a.espncdn.com/i/teamlogos/ncaa/500/2617.png
Texas A&M-Corpus Christi Islanders,Texas A&M-Corpus Christi Islanders,,texas_am-corpus_christi_islanders.png,https://a.espncdn.com/i/teamlogos/ncaa/500/357.png
UT Rio Grande Valley Vaqueros,UT Rio Grande Valley Vaqueros,,ut_rio_grande_valley_vaqueros.png,https://a.espncdn.com/i/teamlogos/ncaa/500/292.png
Denver Pioneers,Denver Pioneers,,denver_pioneers.png,https://a.espncdn.com/i/teamlogos/ncaa/500/2172.png
Kansas City Roos,Kansas City Roos,,kansas_city_roos.png,https://a.espncdn.com/i/teamlogos/ncaa/500/140.png
North Dakota Fighting Hawks,North Dakota Fighting Hawks,,north_dakota_fighting_hawks.png,https://a.espncdn.com/i/teamlogos/ncaa/500/155.png
North Dakota State Bison,North Dakota State Bison,,north_dakota_state_bison.png,https://a.espncdn.com/i/teamlogos/ncaa/500/2449.png
Omaha Mavericks,Omaha Mavericks,,omaha_mavericks.png,https://a.espncdn.com/i/teamlogos/ncaa/500/2437.png
Oral Roberts Golden Eagles,Oral Roberts Golden Eagles,,oral_roberts_golden_eagles.png,https://a.espncdn.com/i/teamlogos/ncaa/500/198.png
South Dakota Coyotes,South Dakota Coyotes,,south_dakota_coyotes.png,https://a.espncdn.com/i/teamlogos/ncaa/500/233.png
South Dakota State Jackrabbits,South Dakota State Jackrabbits,,south_dakota_state_jackrabbits.png,https://a.espncdn.com/i/teamlogos/ncaa/500/2571.png
St. Thomas-Minnesota Tommies,St. Thomas-Minnesota Tommies,,st_thomas-minnesota_tommies.png,https://a.espncdn.com/i/teamlogos/ncaa/500/2900.png
App State Mountaineers,App State Mountaineers,,app_state_mountaineers.png,https://a.espncdn.com/i/teamlogos/ncaa/500/2026.png
Arkansas State Red Wolves,Arkansas State Red Wolves,,arkansas_state_red_wolves.png,https://a.espncdn.com/i/teamlogos/ncaa/500/2032.png
Coastal Carolina Chanticleers,Coastal Carolina Chanticleers,,coastal_carolina_chanticleers.png,https://a.espncdn.com/i/teamlogos/ncaa/500/324.png
Georgia Southern Eagles,Georgia Southern Eagles,,georgia_southern_eagles.png,https://a.espncdn.com/i/teamlogos/ncaa/500/290.png
Georgia State Panthers,Georgia State Panthers,,georgia_state_panthers.png,https://a.espncdn.com/i/teamlogos/ncaa/500/2247.png
James Madison Dukes,James Madison Dukes,,james_madison_dukes.png,https://a.espncdn.com/i/teamlogos/ncaa/500/256.png
Louisiana Ragin' Cajuns,Louisiana Ragin' Cajuns,,louisiana_ragin_cajuns.png,https://a.espncdn.com/i/teamlogos/ncaa/500/309.png
Marshall Thundering Herd,Marshall Thundering Herd,,marshall_thundering_herd.png,https://a.espncdn.com/i/teamlogos/ncaa/500/276.png
Old Dominion Monarchs,Old Dominion Monarchs,,old_dominion_monarchs.png,https://a.espncdn.com/i/teamlogos/ncaa/500/295.png
South Alabama Jaguars,South Alabama Jaguars,,south_alabama_jaguars.png,https://a.espncdn.com/i/teamlogos/ncaa/500/6.png
Southern Miss Golden Eagles,Southern Miss Golden Eagles,,southern_miss_golden_eagles.png,https://a.espncdn.com/i/teamlogos/ncaa/500/2572.png
Texas State Bobcats,Texas State Bobcats,,texas_state_bobcats.png,https://a.espncdn.com/i/teamlogos/ncaa/500/326.png
Troy Trojans,Troy Trojans,,troy_trojans.png,https://a.espncdn.com/i/teamlogos/ncaa/500/2653.png
UL Monroe Warhawks,UL Monroe Warhawks,,ul_monroe_warhawks.png,https://a.espncdn.com/i/teamlogos/ncaa/500/2433.png
Abilene Christian Wildcats,Abilene Christian Wildcats,,abilene_christian_wildcats.png,https://a.espncdn.com/i/teamlogos/ncaa/500/2000.png
California Baptist Lancers,California Baptist Lancers,,california_baptist_lancers.png,https://a.espncdn.com/i/teamlogos/ncaa/500/2856.png
Southern Utah Thunderbirds,Southern Utah Thunderbirds,,southern_utah_thunderbirds.png,https://a.espncdn.com/i/teamlogos/ncaa/500/253.png
Tarleton State Texans,Tarleton State Texans,,tarleton_state_texans.png,https://a.espncdn.com/i/teamlogos/ncaa/500/2627.png
UT Arlington Mavericks,UT Arlington Mavericks,,ut_arlington_mavericks.png,https://a.espncdn.com/i/teamlogos/ncaa/500/250.png
Utah Tech Trailblazers,Utah Tech Trailblazers,,utah_tech_trailblazers.png,https://a.espncdn.com/i/teamlogos/ncaa/500/3101.png
Utah Valley Wolverines,Utah Valley Wolverines,,utah_valley_wolverines.png,https://a.espncdn.com/i/teamlogos/ncaa/500/3084.png
Gonzaga Bulldogs,Gonzaga Bulldogs,,gonzaga_bulldogs.png,https://a.espncdn.com/i/teamlogos/ncaa/500/2250.png
Loyola Marymount Lions,Loyola Marymount Lions,,loyola_marymount_lions.png,https://a.espncdn.com/i/teamlogos/ncaa/500/2351.png
Oregon State Beavers,Oregon State Beavers,,oregon_state_beavers.png,https://a.espncdn.com/i/teamlogos/ncaa/500/204.png
Pacific Tigers,Pacific Tigers,,pacific_tigers.png,https://a.espncdn.com/i/teamlogos/ncaa/500/279.png
Pepperdine Waves,Pepperdine Waves,,pepperdine_waves.png,https://a.espncdn.com/i/teamlogos/ncaa/500/2492.png
Portland Pilots,Portland Pilots,,portland_pilots.png,https://a.espncdn.com/i/teamlogos/ncaa/500/2501.png
Saint Mary's Gaels,Saint Mary's Gaels,,saint_marys_gaels.png,https://a.espncdn.com/i/teamlogos/ncaa/500/2608.png
San Diego Toreros,San Diego Toreros,,san_diego_toreros.png,https://a.espncdn.com/i/teamlogos/ncaa/500/301.png
San Francisco Dons,San Francisco Dons,,san_francisco_dons.png,https://a.espncdn.com/i/teamlogos/ncaa/500/2539.png
Santa Clara Broncos,Santa Clara Broncos,,santa_clara_broncos.png,https://a.espncdn.com/i/teamlogos/ncaa/500/2541.png
Seattle U Redhawks,Seattle U Redhawks,,seattle_u_redhawks.png,https://a.espncdn.com/i/teamlogos/ncaa/500/2547.png
Washington State Cougars,Washington State Cougars,,washington_state_cougars.png,https://a.espncdn.com/i/teamlogos/ncaa/500/265.png
